subtype,gene,mwu_stat,p_value,effect_size,mean_in,mean_out,log2fc,is_ppp_gene
Subtype_A,HSD11B1,98.0,0.9968558574395338,0.505050505050505,6.965221839335744,9.361806122436946,-2.396584283101202,True
Subtype_A,PDCD1,110.0,0.9919357147052311,0.4444444444444444,6.3401748932600706,6.611888319751425,-0.2717134264913543,True
Subtype_A,CRH,117.0,0.9866435796771149,0.40909090909090906,7.802767610419107,8.948677973304974,-1.1459103628858678,True
Subtype_A,CD4,118.0,0.9856872127633792,0.4040404040404041,5.952432041316436,6.9687399047593175,-1.016307863442881,True
Subtype_A,NR3C1,123.0,0.9799475402876754,0.3787878787878788,7.198359311730587,9.14325586069345,-1.9448965489628636,True
Subtype_A,PRL,130.0,0.9687171848684646,0.3434343434343434,7.755589933356441,9.2530913668876,-1.49750143353116,True
Subtype_A,ESR2,131.0,0.9667530416894051,0.33838383838383834,7.782880038783631,9.078702090817766,-1.2958220520341346,True
Subtype_A,KISS1R,138.0,0.9499918824650984,0.303030303030303,7.774310446393813,9.065190340269206,-1.2908798938753927,True
Subtype_A,CTLA4,142.0,0.9377432590254284,0.2828282828282829,5.8110236645109,6.663703657766637,-0.8526799932557365,True
Subtype_A,GSTM1,142.0,0.9377344242673883,0.2828282828282829,6.288778198396815,6.990917930501183,-0.7021397321043681,True
Subtype_A,DISC1,143.0,0.9343305598558771,0.2777777777777778,8.244823538788474,8.577150222548433,-0.332326683759959,True
Subtype_A,FKBP5,146.0,0.9232509783966056,0.26262626262626265,7.752734349188383,8.625835065046338,-0.8731007158579551,True
Subtype_A,PRLR,146.0,0.9232509783966056,0.26262626262626265,7.241424722573021,8.841910235367246,-1.6004855127942248,True
Subtype_A,COMT,147.0,0.919454685520489,0.25757575757575757,6.818127754536332,8.978456713301942,-2.16032895876561,True
Subtype_A,MC2R,149.0,0.9108043796865692,0.24747474747474751,7.729095422526701,8.914473872310799,-1.185378449784098,True
Subtype_A,FOXP3,149.0,0.9108145619169545,0.24747474747474751,5.930923280257594,6.7548399266276835,-0.8239166463700895,True
Subtype_A,OXT,150.0,0.9063382898248351,0.24242424242424243,7.659858411434607,8.886989331331144,-1.2271309198965366,True
Subtype_A,GNRH1,150.0,0.9063486343015428,0.24242424242424243,7.7348701142567275,8.339117443786224,-0.6042473295294961,True
Subtype_A,CRHR2,151.0,0.9017092135739433,0.23737373737373735,8.099225085852256,8.790030343992308,-0.6908052581400526,True
Subtype_A,MAOA,152.0,0.8969147475486958,0.23232323232323238,8.176055112830236,8.956493598047963,-0.7804384852177275,True
Subtype_A,ESR1,153.0,0.8919526512334097,0.2272727272727273,7.986869648256908,9.074336634553724,-1.0874669862968158,True
Subtype_A,AVPR1B,154.0,0.8868644230183014,0.2222222222222222,7.229492625725107,8.598262805245096,-1.3687701795199887,True
Subtype_A,POMC,156.0,0.87605193582301,0.21212121212121215,7.286722495927271,9.064270443549558,-1.7775479476222875,True
Subtype_A,KISS1,158.0,0.8645620462287404,0.202020202020202,7.959115639310005,8.681262091585703,-0.7221464522756982,True
Subtype_A,OXTR,167.0,0.8041035382446076,0.15656565656565657,7.501268893645352,8.78719598425996,-1.2859270906146074,True
Subtype_B,IL1B,95.0,0.9934523560286298,0.478021978021978,7.059464862275123,8.774528450520668,-1.7150635882455454,True
Subtype_B,TNF,98.0,0.9917248467136799,0.46153846153846156,6.67395233618904,8.54520796244846,-1.87125562625942,True
Subtype_B,PTGS2,102.5,0.9883537380772447,0.4368131868131868,6.558586253323502,8.607755791709826,-2.049169538386324,True
Subtype_B,AIF1,104.5,0.9865127702917822,0.42582417582417587,6.703482612119673,8.62984566333378,-1.926363051214107,True
Subtype_B,SAA1,106.0,0.9849719737364188,0.41758241758241754,6.342798735449073,8.921693619362447,-2.5788948839133736,True
Subtype_B,IKBKB,106.0,0.9849681136434048,0.41758241758241754,7.015821121229597,9.026588480332457,-2.01076735910286,True
Subtype_B,CCL2,108.5,0.9820676068405074,0.40384615384615385,6.569885645423701,8.633827783151384,-2.0639421377276825,True
Subtype_B,CXCL8,110.0,0.9801002758183418,0.39560439560439564,6.451848062843104,8.669749757190635,-2.217901694347531,True
Subtype_B,STAT3,110.0,0.9801049246335125,0.39560439560439564,6.639066396991069,8.936082089431382,-2.297015692440313,True
Subtype_B,IL17A,110.0,0.9801002758183418,0.39560439560439564,7.1190964032219535,8.763406524887037,-1.6443101216650833,True
Subtype_B,IL18,110.5,0.9794114367268318,0.3928571428571429,6.53086077259168,8.60237205465214,-2.0715112820604595,True
Subtype_B,MYD88,111.0,0.978712152074206,0.39010989010989006,6.487133239846263,8.307023909126427,-1.8198906692801637,True
Subtype_B,NFE2L2,114.0,0.973977666629241,0.37362637362637363,6.7606151559734915,8.373160316709129,-1.6125451607356371,True
Subtype_B,IL12B,114.5,0.9730918302263012,0.3708791208791209,6.761045373211947,8.647008842636492,-1.8859634694245448,True
Subtype_B,MMP2,117.0,0.9684298870325361,0.3571428571428571,6.111104574471233,8.246711260542835,-2.1356066860716014,True
Subtype_B,C3,117.0,0.9683679603087901,0.3571428571428571,7.046462191010157,8.779760472450645,-1.7332982814404883,True
Subtype_B,OCLN,118.0,0.9662983069359093,0.3516483516483516,7.144091952694427,8.777934181219553,-1.6338422285251264,True
Subtype_B,NFKB1,118.0,0.9663047328844584,0.3516483516483516,6.249900415374924,8.62678003447451,-2.3768796190995864,True
Subtype_B,CD8A,118.0,0.9663625617230845,0.3516483516483516,4.7898459843615475,6.842347180015766,-2.0525011956542185,True
Subtype_B,MMP9,121.0,0.9594122752448541,0.3351648351648352,6.922191461049335,8.819797020614736,-1.8976055595654007,True
Subtype_B,IFNG,121.0,0.9594122752448541,0.3351648351648352,7.130249029124528,8.748907493276883,-1.6186584641523556,True
Subtype_B,NOX4,122.0,0.9568777807523859,0.3296703296703297,7.118047324505284,8.630379865683269,-1.5123325411779849,True
Subtype_B,IL8,126.0,0.9456022102294692,0.3076923076923077,6.341162448772715,8.08279217273936,-1.7416297239666454,True
Subtype_B,TLR4,126.0,0.9454692657833351,0.3076923076923077,6.743359551358467,8.363147286993096,-1.6197877356346284,True
Subtype_B,TJP1,126.0,0.9454360363993897,0.3076923076923077,7.371404468577209,8.581556340249302,-1.2101518716720925,True
Subtype_C,HLA-DRA,8.5,0.9980534561046409,0.8819444444444444,1.5901201953592465,6.590542718157932,-5.000422522798686,True
Subtype_C,SOD1,30.0,0.9723262242366987,0.5833333333333333,5.3028094283787315,6.402984672643759,-1.1001752442650279,True
Subtype_C,PDCD1,32.0,0.9666812561549403,0.5555555555555556,4.588411888562071,6.670671940361082,-2.082260051799011,True
Subtype_C,NFE2L2,48.0,0.8653665961579874,0.33333333333333337,5.875996876011401,8.023522025389465,-2.1475251493780636,True
Subtype_C,NFKBIA,49.0,0.8489112594375753,0.3194444444444444,7.321963528357848,8.263987835903109,-0.9420243075452603,True
Subtype_C,MPO,49.0,0.8553504946364932,0.3194444444444444,5.090959444517586,6.521787317719331,-1.4308278732017445,True
Subtype_C,ESR2,50.0,0.8381113907429697,0.3055555555555556,7.6645868993221296,8.443934746963087,-0.7793478476409579,True
Subtype_C,CX3CR1,52.5,0.8163950429727527,0.27083333333333337,6.330083185773836,8.16448521662713,-1.8344020308532931,True
Subtype_C,CCL3,52.5,0.8163950429727527,0.27083333333333337,6.295143862066003,8.129495955078195,-1.8343520930121917,True
Subtype_C,TREM2,54.0,0.7979161184544918,0.25,7.278421164651507,7.8519416093454275,-0.5735204446939202,True
Subtype_C,IFNA1,55.0,0.77744829850093,0.23611111111111116,7.604362296824494,8.277324564032629,-0.6729622672081348,True
Subtype_C,PRLR,55.0,0.77744829850093,0.23611111111111116,7.341924150123932,8.03050087590892,-0.6885767257849889,True
Subtype_C,SERPING1,56.0,0.7715669205190894,0.2222222222222222,5.895260504106346,7.785236153894043,-1.8899756497876963,True
Subtype_C,OXTR,56.0,0.7640879746142905,0.2222222222222222,7.693408716875705,8.12288356970484,-0.42947485282913433,True
Subtype_C,SOD2,56.5,0.7646589100929199,0.2152777777777778,6.193313344252532,8.16199942984202,-1.9686860855894874,True
Subtype_C,HSD11B2,57.0,0.7502899660794398,0.20833333333333337,7.784141886064098,8.237638791369816,-0.45349690530571873,True
Subtype_C,CD19,57.0,0.757864706185136,0.20833333333333337,5.230886030385711,6.1318368129021925,-0.9009507825164818,True
Subtype_C,TJP1,58.0,0.7361527519422256,0.19444444444444442,7.6970651080602295,8.209218527064495,-0.5121534190042656,True
Subtype_C,IL6,58.0,0.7361527519422256,0.19444444444444442,7.655880543689267,8.300265694490335,-0.6443851508010683,True
Subtype_C,P2RY12,59.0,0.7286236130011502,0.18055555555555558,7.883337076964668,8.133152522420634,-0.24981544545596623,True
Subtype_C,IKBKB,59.0,0.7216106795054164,0.18055555555555558,7.713580881919383,8.390513129393907,-0.6769322474745243,True
Subtype_C,TMEM119,59.0,0.7216106795054164,0.18055555555555558,8.09656780621326,8.292641028991644,-0.19607322277838435,True
Subtype_C,KISS1,59.0,0.7216106795054164,0.18055555555555558,7.914985920344493,8.325092167555134,-0.41010624721064115,True
Subtype_C,CCL4,60.0,0.7134765808733146,0.16666666666666663,7.669399904243354,7.9620778031342825,-0.2926778988909282,True
Subtype_C,NR3C1,60.0,0.7134765808733146,0.16666666666666663,7.845637829171976,8.098887750940754,-0.25324992176877803,True
